config_value,mean_inf_time,std_dev_inf_time
4,13049.938427734374,1230.0791020628906
6,14831.475032552084,1544.1568140303607
